0.0,0.0,0.0,2.379007756306507E-4,2.1748732147161388E-4,2.2279015481853944E-4
0.0,0.0,0.04,3.24316780065964E-4,2.942898650112819E-4,2.2720691779489006E-4
0.0,0.0,0.08,4.173235763115564E-4,3.764450698396739E-4,1.9547005790322307E-4
0.0,0.0,0.12,4.927497962803677E-4,4.431961238038331E-4,1.1838497304102613E-4
0.0,0.0,0.16,5.220775148358326E-4,4.7047503470061026E-4,7.667117727743422E-6
0.0,0.0,0.2,4.921237061161559E-4,4.4674783426534273E-4,-1.0409332208988738E-4
0.0,0.0,0.24,4.161728311424609E-4,3.8211291510443607E-4,-1.8379664204630966E-4
0.0,0.0,0.28,3.2283745136489986E-4,3.0021608122437083E-4,-2.1865994171846878E-4
0.0,0.0,0.32,2.3631714225298174E-4,2.2234331988930627E-4,-2.170307231554614E-4
0.0,0.04,0.0,3.246349432171673E-4,2.1902940816078824E-4,3.004773388921959E-4
0.0,0.04,0.04,4.6614472460708184E-4,3.11168220600694E-4,3.2093993631932005E-4
0.0,0.04,0.08,6.286740638741143E-4,4.156171429280688E-4,2.8719213788435505E-4
0.0,0.04,0.12,7.670344463108639E-4,5.041223404082478E-4,1.7778071415450723E-4
0.0,0.04,0.16,8.223076093315396E-4,5.414581464138407E-4,9.462734295399733E-6
0.0,0.04,0.2,7.662623399857609E-4,5.1026145980798E-4,-1.6032963830532826E-4
0.0,0.04,0.24,6.271799391343873E-4,4.252077305245987E-4,-2.733289463166903E-4
0.0,0.04,0.28,4.6416803609276055E-4,3.2092078226307E-4,-3.11118952387708E-4
0.0,0.04,0.32,3.225257164292833E-4,2.2685606926236017E-4,-2.940128712648543E-4
0.0,0.08,0.0,4.1810030979805426E-4,1.8411747902840272E-4,3.8210545901276393E-4
0.0,0.08,0.04,6.291702453252771E-4,2.7321872615579195E-4,4.2473134893918286E-4
0.0,0.08,0.08,8.844876287378309E-4,3.78788659450727E-4,3.9217500085942536E-4
0.0,0.08,0.12,0.0011088030547881129,4.7048943658843846E-4,2.4569827949483004E-4
0.0,0.08,0.16,0.0011995869074325355,5.103171937408898E-4,8.951478102765416E-6
0.0,0.08,0.2,0.001108042820842489,4.797354300431787E-4,-2.293796640513037E-4
0.0,0.08,0.24,8.827721948391173E-4,3.9302852231201836E-4,-3.79580730756094E-4
0.0,0.08,0.28,6.266973120240464E-4,2.8735102139467616E-4,-4.160557118443328E-4
0.0,0.08,0.32,4.1541294882166386E-4,1.9517872916240014E-4,-3.7643272782367747E-4
0.0,0.12,0.0,4.940801146121291E-4,1.0446814625617493E-4,4.464751567246613E-4
0.0,0.12,0.04,7.681289802908684E-4,1.6028701661070153E-4,5.092777570144376E-4
0.0,0.12,0.08,0.001109338274064008,2.286325754492897E-4,4.7814586351219206E-4
0.0,0.12,0.12,0.0014117229020633496,2.891870953906996E-4,2.991348010760274E-4
0.0,0.12,0.16,0.001533782747414631,3.172995052563366E-4,4.694580165521435E-6
0.0,0.12,0.2,0.0014111243462075012,3.008004924738677E-4,-2.9078967402030106E-4
0.0,0.12,0.24,0.001107538707798177,2.46521508438465E-4,-4.7202536472919866E-4
0.0,0.12,0.28,7.6520332434896E-4,1.7788536103017057E-4,-5.050721329570542E-4
0.0,0.12,0.32,4.908239002371521E-4,1.1804785634111178E-4,-4.4345007677206404E-4
0.0,0.16,0.0,5.239758682717608E-4,-7.141253747814701E-6,4.7007496140666767E-4
0.0,0.16,0.04,8.240451832738436E-4,-9.21375996654936E-6,5.40208996383217E-4
0.0,0.16,0.08,0.001200652806274022,-9.280204692893067E-6,5.082835144151146E-4
0.0,0.16,0.12,0.0015341211586371323,-5.9587296017438986E-6,3.149571389783607E-4
0.0,0.16,0.16,0.0016681569512545101,8.10050125218621E-9,-2.334476764850418E-6
0.0,0.16,0.2,0.0015335068031488402,5.99349857981114E-6,-3.196048919828874E-4
0.0,0.16,0.24,0.0011985954112773436,9.33990826888586E-6,-5.123217932980174E-4
0.0,0.16,0.28,8.206297100074975E-4,9.270448516548884E-6,-5.426879339712378E-4
0.0,0.16,0.32,5.202223758985625E-4,7.178243130531476E-6,-4.708623088106847E-4
0.0,0.2,0.0,4.94497696284317E-4,-1.1770507632045232E-4,4.4288230024611163E-4
0.0,0.2,0.04,7.686571680815131E-4,-1.7722737362443864E-4,5.030011572577267E-4
0.0,0.2,0.08,0.0011098424841756147,-2.455893527174587E-4,4.6852775153985026E-4
0.0,0.2,0.12,0.0014120372795556036,-3.000545851619962E-4,2.8665316219183255E-4
0.0,0.2,0.16,0.0015338494830509192,-3.173088225981774E-4,-8.915844875010466E-6
0.0,0.2,0.2,0.0014109211074262045,-2.899086677154673E-4,-3.0330956521760306E-4
0.0,0.2,0.24,0.001107102337604955,-2.2947883439767666E-4,-4.8168782727113344E-4
0.0,0.2,0.28,7.647100782297296E-4,-1.6085216014435238E-4,-5.113765229613538E-4
0.0,0.2,0.32,4.904238661353522E-4,-1.047469522570771E-4,-4.4705495574912964E-4
0.0,0.24,0.0,4.1879736428200576E-4,-1.9471837957704376E-4,3.7637802442604893E-4
0.0,0.24,0.04,6.300567242805865E-4,-2.8649859679985226E-4,4.1493345033430964E-4
0.0,0.24,0.08,8.853760457906267E-4,-3.918464391287528E-4,3.7738508880677513E-4
0.0,0.24,0.12,0.0011093885011548145,-4.78797962855567E-4,2.2657706310427432E-4
0.0,0.24,0.16,0.0011996555849928682,-5.103671111477865E-4,-1.1910135347550085E-5
0.0,0.24,0.2,0.001107574466782762,-4.7147927470201826E-4,-2.485487185277963E-4
0.0,0.24,0.24,8.819603726684739E-4,-3.7994870037654595E-4,-3.944258572335358E-4
0.0,0.24,0.28,6.258544799871635E-4,-2.740208677414463E-4,-4.2588884487597905E-4
0.0,0.24,0.32,4.1474015392258586E-4,-1.8453592792694955E-4,-3.821758283018157E-4
0.0,0.28,0.0,3.254103829999323E-4,-2.264639900651257E-4,2.9450416284195044E-4
0.0,0.28,0.04,4.6710939590850385E-4,-3.202439004327075E-4,3.109984998981681E-4
0.0,0.28,0.08,6.296458258035361E-4,-4.243253433630023E-4,2.725650927738117E-4
0.0,0.28,0.12,7.6767948518677E-4,-5.095924108166827E-4,1.5913452000078645E-4
0.0,0.28,0.16,8.223352790773877E-4,-5.415124855711697E-4,-1.0802778211838965E-5
0.0,0.28,0.2,7.656685862154835E-4,-5.048654698744968E-4,-1.7900777513885131E-4
0.0,0.28,0.24,6.262491234974022E-4,-4.1651427534004145E-4,-2.8799385999065275E-4
0.0,0.28,0.28,4.63232617296924E-4,-3.1182773742260695E-4,-3.210856358743772E-4
0.0,0.28,0.32,3.2177000253360297E-4,-2.1939956289752932E-4,-2.999975938496243E-4
0.0,0.32,0.0,2.3859589967157436E-4,-2.220887010085911E-4,2.1792154658060005E-4
0.0,0.32,0.04,3.2513951430034364E-4,-2.9981146441264845E-4,2.1926578361021278E-4
0.0,0.32,0.08,4.1812022341014673E-4,-3.816271446488004E-4,1.840919480268961E-4
0.0,0.32,0.12,4.932595152528812E-4,-4.4640282677832927E-4,1.0415999863919452E-4
0.0,0.32,0.16,5.220760694546421E-4,-4.7050786402450564E-4,-7.685758590261837E-6
0.0,0.32,0.2,4.916149617968398E-4,-4.435899772175787E-4,-1.1833265201925367E-4
0.0,0.32,0.24,4.1538386623753593E-4,-3.7694798624280973E-4,-1.951925039715401E-4
0.0,0.32,0.28,3.2202591713938926E-4,-2.946904188105779E-4,-2.2661337053581456E-4
0.0,0.32,0.32,2.356330898464058E-4,-2.1773130345697201E-4,-2.219047340451779E-4
0.04,0.0,0.0,1.9174122663231097E-4,2.2823102031405387E-4,2.3341566712331598E-4
0.04,0.0,0.04,2.7920542175756966E-4,3.28566157461346E-4,2.5362551525331E-4
0.04,0.0,0.08,3.830511811307422E-4,4.4622851443263626E-4,2.3196091966368797E-4
0.04,0.0,0.12,4.74649655825896E-4,5.493754531863961E-4,1.4721068441371355E-4
0.04,0.0,0.16,5.12060909810006E-4,5.930124163766948E-4,1.0200480630931251E-5
0.04,0.0,0.2,4.7385743257922597E-4,5.53741303336168E-4,-1.2856207678153944E-4
0.04,0.0,0.24,3.8165107890351615E-4,4.527244273537651E-4,-2.1750712247972285E-4
0.04,0.0,0.28,2.775094452095705E-4,3.346571859672084E-4,-2.437863275221951E-4
0.04,0.0,0.32,1.900425323180037E-4,2.324978753811675E-4,-2.2731226510354564E-4
0.04,0.04,0.0,2.7957720145410284E-4,2.446752202668213E-4,3.354957457796723E-4
0.04,0.04,0.04,4.4160438272095325E-4,3.7973350759696115E-4,3.9207187971142146E-4
0.04,0.04,0.08,6.564337589656647E-4,5.54032055248177E-4,3.8375511632889823E-4
0.04,0.04,0.12,8.63512050807024E-4,7.179577192274103E-4,2.5443054763069176E-4
0.04,0.04,0.16,9.52401952737176E-4,7.902459486342876E-4,1.5151335137962191E-5
0.04,0.04,0.2,8.624694396975214E-4,7.271178259953202E-4,-2.272381941382316E-4
0.04,0.04,0.24,6.544332772167835E-4,5.671304625450565E-4,-3.636542944358229E-4
0.04,0.04,0.28,4.3911725741514E-4,3.9146411006180684E-4,-3.7910029455010436E-4
0.04,0.04,0.32,2.7714476632178007E-4,2.527459650739321E-4,-3.2772003738938053E-4
0.04,0.08,0.0,3.8402127501659843E-4,2.1837342109676337E-4,4.533499674293576E-4
0.04,0.08,0.04,6.571181921484297E-4,3.640761107533334E-4,5.671288839047461E-4
0.04,0.08,0.08,0.0010559510868880908,5.662322086070529E-4,5.881462699048774E-4
0.04,0.08,0.12,0.00146217292638342,7.601739334440068E-4,3.991678102425553E-4
0.04,0.08,0.16,0.0016385116395791182,8.457134914396589E-4,1.7046255660340394E-5
0.04,0.08,0.2,0.0014614660136900344,7.7636741815086E-4,-3.690421501591621E-4
0.04,0.08,0.24,0.0010536823324474593,5.888480948527897E-4,-5.66838588915716E-4
0.04,0.08,0.28,6.537653101452622E-4,3.833913082307536E-4,-5.539915332486868E-4
0.04,0.08,0.32,3.807002742476432E-4,2.3111805676839293E-4,-4.455886011537577E-4
0.04,0.12,0.0,4.7639530867852757E-4,1.295092864789328E-4,5.54100890384657E-4
0.04,0.12,0.04,8.650677318526713E-4,2.277875331619928E-4,7.26354557406537E-4
0.04,0.12,0.08,0.0014627516280771183,3.6862772315928555E-4,7.744014067957008E-4
0.04,0.12,0.12,0.0020642917339730887,4.986474678180097E-4,5.187944448895972E-4
0.04,0.12,0.16,0.0023144023717940262,5.560180560536774E-4,1.078152402452136E-5
0.04,0.12,0.2,0.0020647874559886503,5.20498315709829E-4,-5.002216265287418E-4
0.04,0.12,0.24,0.0014609367827435747,3.997334807251846E-4,-7.620524419028215E-4
0.04,0.12,0.28,8.609601526092428E-4,2.539755543797614E-4,-7.186801517324406E-4
0.04,0.12,0.32,4.7214803699906834E-4,1.46302281320973E-4,-5.48999844929336E-4
0.04,0.16,0.0,5.146158294276642E-4,-9.054746652092715E-6,5.932535437737542E-4
0.04,0.16,0.04,9.549082840008348E-4,-1.404353493684092E-5,7.89111385091423E-4
0.04,0.16,0.08,0.0016394414026307718,-1.6327758512668983E-5,8.431199525583908E-4
0.04,0.16,0.12,0.0023138409451522574,-1.1114585225207593E-5,5.535160492062882E-4
0.04,0.16,0.16,0.002586718158047921,2.1554999404341772E-8,-2.0003217128964147E-6
0.04,0.16,0.2,0.0023151109115514337,1.1209945916189178E-5,-5.584626779851955E-4
0.04,0.16,0.24,0.0016377165082664016,1.647471133080967E-5,-8.482804673622602E-4
0.04,0.16,0.28,9.499792127261162E-4,1.414634608971123E-5,-7.913647267343658E-4
0.04,0.16,0.32,5.095591760950059E-4,9.099791148497841E-6,-5.927606348157555E-4
0.04,0.2,0.0,4.770453859134809E-4,-1.4589766768210695E-4,5.4976597649607E-4
0.04,0.2,0.04,8.660276698207063E-4,-2.528195067926981E-4,7.171710945560194E-4
0.04,0.2,0.08,0.0014636562181014295,-3.9745638741152384E-4,7.579543298004741E-4
0.04,0.2,0.12,0.0020646782592085512,-5.183297819278872E-4,4.959046242116106E-4
0.04,0.2,0.16,0.0023145954487745644,-5.560549619587523E-4,-1.446715048261359E-5
0.04,0.2,0.2,0.00206469112734502,-5.007496620975179E-4,-5.232273810150652E-4
0.04,0.2,0.24,0.0014601699767986286,-3.706935575038131E-4,-7.786113053135919E-4
0.04,0.2,0.28,8.600554307241666E-4,-2.287799154035986E-4,-7.279107889082221E-4
0.04,0.2,0.32,4.7152208065376566E-4,-1.2983798771271237E-4,-5.533461736578451E-4
0.04,0.24,0.0,3.850570622689961E-4,-2.3064186755289185E-4,4.469201772880271E-4
0.04,0.24,0.04,6.586735170916537E-4,-3.82103961071548E-4,5.54017156310836E-4
0.04,0.24,0.08,0.0010577252827668156,-5.863503533611923E-4,5.651968148981797E-4
0.04,0.24,0.12,0.0014633703347016512,-7.738466635382103E-4,3.667251417967163E-4
0.04,0.24,0.16,0.0016386702486413092,-8.458726450765112E-4,-1.9281109114418473E-5
0.04,0.24,0.2,0.00146051367779674,-7.628320833202633E-4,-4.016167372931685E-4
0.04,0.24,0.24,0.0010520381939013025,-5.686692603359066E-4,-5.899039421612913E-4
0.04,0.24,0.28,6.522728048911085E-4,-3.65280048767605E-4,-5.671517188414252E-4
0.04,0.24,0.32,3.796964488443082E-4,-2.1880271915494134E-4,-4.5202961221625925E-4
0.04,0.28,0.0,2.806481069796179E-4,-2.5242079568754845E-4,3.295107371828624E-4
0.04,0.28,0.04,4.431474105364763E-4,-3.9065955232442075E-4,3.8038477433796733E-4
0.04,0.28,0.08,6.582430008270351E-4,-5.657171232511724E-4,3.6423601663539975E-4
0.04,0.28,0.12,8.64855785345131E-4,-7.25776664549622E-4,2.2736486129226716E-4
0.04,0.28,0.16,9.524160326070257E-4,-7.903667024333905E-4,-1.5134322983474373E-5
0.04,0.28,0.2,8.611643269763742E-4,-7.194378055625964E-4,-2.543657476929776E-4
0.04,0.28,0.24,6.526673827162254E-4,-5.554539039758194E-4,-3.8322888384492433E-4
0.04,0.28,0.28,4.3760917164228235E-4,-3.805074469630555E-4,-3.9081097273623315E-4
0.04,0.28,0.32,2.7609798476291444E-4,-2.449763265148081E-4,-3.337086190557195E-4
0.04,0.32,0.0,1.9262200622244407E-4,-2.3234849074437459E-4,2.2929170749265033E-4
0.04,0.32,0.04,2.8037019968576147E-4,-3.3430622585403776E-4,2.4567318094935166E-4
0.04,0.32,0.08,3.843149387626095E-4,-4.5217502578758005E-4,2.1921446573293385E-4
0.04,0.32,0.12,4.7552855013840344E-4,-5.53274615439187E-4,1.3012232920100414E-4
0.04,0.32,0.16,5.120307724129265E-4,-5.930545157730509E-4,-8.693044029504297E-6
0.04,0.32,0.2,4.729383758771055E-4,-5.49895674575563E-4,-1.4566655233334174E-4
0.04,0.32,0.24,3.8037911544563994E-4,-4.4678460708107203E-4,-2.3026820324616794E-4
0.04,0.32,0.28,2.7635318150282147E-4,-3.289037077284454E-4,-2.517431217696431E-4
0.04,0.32,0.32,1.891739534219428E-4,-2.2836703371719144E-4,-2.3143334715831505E-4
0.08,0.0,0.0,1.1954741287023358E-4,2.0295701433045918E-4,2.0624515191609998E-4
0.08,0.0,0.04,1.8656933065021262E-4,3.1154412621702064E-4,2.3957513964630982E-4
0.08,0.0,0.08,2.752832031576087E-4,4.528473090653129E-4,2.3489823879042955E-4
0.08,0.0,0.12,3.6180581674600924E-4,5.890057874197409E-4,1.5763816389218453E-4
0.08,0.0,0.16,3.99376203402887E-4,6.494834553030487E-4,1.1098125102497204E-5
0.08,0.0,0.2,3.608592162250905E-4,5.930725986873695E-4,-1.3788351887638033E-4
0.08,0.0,0.24,2.7373461870471504E-4,4.582145824919423E-4,-2.2063955833294708E-4
0.08,0.0,0.28,1.8486159655270692E-4,3.1559115117697664E-4,-2.3078879712906233E-4
0.08,0.0,0.32,1.1797953489288184E-4,2.0469492964620138E-4,-2.014229324338155E-4
0.08,0.04,0.0,1.8694815306927707E-4,2.3245566490542546E-4,3.173653910562938E-4
0.08,0.04,0.04,3.2983894626030405E-4,3.996756120712761E-4,4.120991160502362E-4
0.08,0.04,0.08,5.578395809947689E-4,6.566269026995901E-4,4.5511999982785075E-4
0.08,0.04,0.12,8.232043686858279E-4,9.428249880842726E-4,3.351089320483349E-4
0.08,0.04,0.16,9.521294171863541E-4,0.0010812626901707313,2.1976886504489616E-5
0.08,0.04,0.2,8.215601575375875E-4,9.546910860800547E-4,-2.973804602468012E-4
0.08,0.04,0.24,5.550823369819276E-4,6.712145413333453E-4,-4.300978965357142E-4
0.08,0.04,0.28,3.269382453117479E-4,4.102798720868889E-4,-3.9786390921763183E-4
0.08,0.04,0.32,1.844896817397842E-4,2.3789142359193963E-4,-3.097837860462391E-4
0.08,0.08,0.0,2.7637179145120685E-4,2.2237575040409536E-4,4.601131125640125E-4
0.08,0.08,0.04,5.587914187412451E-4,4.317662847493184E-4,6.727404930174673E-4
0.08,0.08,0.08,0.0011146126366811812,8.096375463589253E-4,8.430291080739822E-4
0.08,0.08,0.12,0.0018764947275126866,0.0012511307934778202,6.602501238034388E-4
0.08,0.08,0.16,0.0022571138620967935,0.0014454841114986754,3.2654804552557656E-5
0.08,0.08,0.2,0.0018757962852586963,0.0012799203525083872,-6.051739797138926E-4
0.08,0.08,0.24,0.001110728275005698,8.428047758911168E-4,-8.093084490042266E-4
0.08,0.08,0.28,5.541468940645067E-4,4.5347261590984375E-4,-6.550853199039287E-4
0.08,0.08,0.32,2.726653244206349E-4,2.3315055502761922E-4,-4.509553884483398E-4
0.08,0.12,0.0,3.639312482853234E-4,1.3967799022249127E-4,5.949709805137813E-4
0.08,0.12,0.04,8.256846427461676E-4,2.9908094348962433E-4,9.553837826330498E-4
0.08,0.12,0.08,0.001877148863547852,6.053060422735512E-4,0.0012773373871833105
0.08,0.12,0.12,0.003186787592810381,8.681932260875224E-4,9.089021970925549E-4
0.08,0.12,0.16,0.0036888452596652165,9.489452057333707E-4,2.3082835405957834E-5
0.08,0.12,0.2,0.003191729921316789,9.099619397266949E-4,-8.690105434178147E-4
0.08,0.12,0.24,0.0018752008935040707,6.603985606623291E-4,-0.0012535775352682074
0.08,0.12,0.28,8.191257695710568E-4,3.334882235298995E-4,-9.42098453835284E-4
0.08,0.12,0.32,3.587709112063119E-4,1.558455089931969E-4,-5.8710460491184E-4
0.08,0.16,0.0,4.0260920137868777E-4,-9.210235679002662E-6,6.513912423582726E-4
0.08,0.16,0.04,9.563601562296426E-4,-1.9625103249505445E-5,0.0010814747974025407
0.08,0.16,0.08,0.002256934004993825,-2.9875283409683506E-5,0.0014418679811362854
0.08,0.16,0.12,0.0036844409942761516,-2.0539470502557363E-5,9.48186495988031E-4
0.08,0.16,0.16,0.004173686715079664,5.500925286132075E-8,1.230685847124748E-6
0.08,0.16,0.2,0.003693548571192458,2.07640019955714E-5,-9.496238256059844E-4
0.08,0.16,0.24,0.0022574952805577667,3.0224930091615393E-5,-0.0014491037100038456
0.08,0.16,0.28,9.479853312080567E-4,1.974844690287872E-5,-0.0010810331838149955
0.08,0.16,0.32,3.9619927361614885E-4,9.226777558214858E-6,-6.475670600786794E-4
0.08,0.2,0.0,3.6481695105732617E-4,-1.5572500050681768E-4,5.910423181306447E-4
0.08,0.2,0.04,8.274433672418272E-4,-3.322413317191785E-4,9.437276422030648E-4
0.08,0.2,0.08,0.0018787480514357688,-6.551648049353515E-4,0.0012488375034490364
0.08,0.2,0.12,0.003185554327877223,-9.041381767170272E-4,8.668725848853514E-4
0.08,0.2,0.16,0.003689440282904426,-9.490234927335979E-4,-2.1547247331366934E-5
0.08,0.2,0.2,0.00319370953888514,-8.737547012354793E-4,-9.113517632505701E-4
0.08,0.2,0.24,0.0018738252070425224,-6.100260494908038E-4,-0.001282335861077946
0.08,0.2,0.28,8.174347999299177E-4,-3.0014393849561244E-4,-9.537882295528216E-4
0.08,0.2,0.32,3.579139006149831E-4,-1.3977246907060268E-4,-5.910254894658026E-4
0.08,0.24,0.0,2.7768729324655E-4,-2.3311425643194884E-4,4.54994055300932E-4
0.08,0.24,0.04,5.613434797583532E-4,-4.5253394150485593E-4,6.585095323204109E-4
0.08,0.24,0.08,0.001118562476170014,-8.387566448084675E-4,8.102865028078253E-4
0.08,0.24,0.12,0.0018793486236158726,-0.001272585683414061,6.049778444009495E-4
0.08,0.24,0.16,0.0022575117608566704,-0.0014461124994712604,-3.150805825856949E-5
0.08,0.24,0.2,0.0018734001950504564,-0.0012586946243250434,-6.608254745975213E-4
0.08,0.24,0.24,0.0011069446577540287,-8.135091494544762E-4,-8.422094573834981E-4
0.08,0.24,0.28,5.516709231706112E-4,-4.3261879410451816E-4,-6.693254614003026E-4
0.08,0.24,0.32,2.7138750702191766E-4,-2.2239692657332252E-4,-4.5605716938055554E-4
0.08,0.28,0.0,1.881864734377209E-4,-2.3799579169941454E-4,3.136349981409968E-4
0.08,0.28,0.04,3.3199158418424217E-4,-4.100323382498869E-4,4.0193780647106283E-4
0.08,0.28,0.08,5.610635189189575E-4,-6.700233964158509E-4,4.339506949288791E-4
0.08,0.28,0.12,8.262993967677223E-4,-9.527579607801308E-4,3.0099970977313033E-4
0.08,0.28,0.16,9.519833455252983E-4,-0.0010814518018098186,-1.8291357810709984E-5
0.08,0.28,0.2,8.183632846851513E-4,-9.448693441608468E-4,-3.3155595777576184E-4
0.08,0.28,0.24,5.518833535750835E-4,-6.577664895109106E-4,-4.5128514264779614E-4
0.08,0.28,0.28,3.248243701263313E-4,-3.9988310518334724E-4,-4.0800767394474105E-4
0.08,0.28,0.32,1.8327924063914105E-4,-2.3234000356020862E-4,-3.134919918634079E-4
0.08,0.32,0.0,1.2047216920748535E-4,-2.0486280599435596E-4,2.0484962363942973E-4
0.08,0.32,0.04,1.879536133998693E-4,-3.1567156083958165E-4,2.3460992573268548E-4
0.08,0.32,0.08,2.770185914780576E-4,-4.5808563531106683E-4,2.2472648952978554E-4
0.08,0.32,0.12,3.6317739054360815E-4,-5.928162295537994E-4,1.4212793327381546E-4
0.08,0.32,0.16,3.992849670535276E-4,-6.494839836120556E-4,-6.78840772600272E-6
0.08,0.32,0.2,3.5937215451229353E-4,-5.892384599925437E-4,-1.5338900875903492E-4
0.08,0.32,0.24,2.7197125555617266E-4,-4.5293526871886694E-4,-2.3079488202573632E-4
0.08,0.32,0.28,1.834850611211478E-4,-3.1143488071695957E-4,-2.3573149653625727E-4
0.08,0.32,0.32,1.1706897279174859E-4,-2.027768649995221E-4,-2.0279791316627345E-4
0.12,0.0,0.0,4.5725849723133876E-5,1.2534558260531272E-4,1.2421113849733683E-4
0.12,0.0,0.04,7.57193326478787E-5,2.015348677136907E-4,1.5221899830659215E-4
0.12,0.0,0.08,1.193907618896699E-4,3.095031597815225E-4,1.582097385100011E-4
0.12,0.0,0.12,1.660541565553957E-4,4.223674436859836E-4,1.1104980835783228E-4
0.12,0.0,0.16,1.87453653500065E-4,4.7442645923987395E-4,6.255778259156155E-6
0.12,0.0,0.2,1.6527897967665158E-4,4.2325812952726525E-4,-1.0037670595590893E-4
0.12,0.0,0.24,1.1822615815769055E-4,3.097304012753935E-4,-1.5144060180054952E-4
0.12,0.0,0.28,7.45501438300498E-5,1.999971013837945E-4,-1.4896818487435373E-4
0.12,0.0,0.32,4.473400433138733E-5,1.2203570467888407E-4,-1.2320655154543153E-4
0.12,0.04,0.0,7.598055273563306E-5,1.5150056105928093E-4,2.0286464918041106E-4
0.12,0.04,0.04,1.4856793863401437E-4,2.833001632963279E-4,2.889585253710215E-4
0.12,0.04,0.08,2.86757363693592E-4,5.217989994489035E-4,3.594987572725864E-4
0.12,0.04,0.12,4.822211799940142E-4,8.423570587820211E-4,2.9811776278469585E-4
0.12,0.04,0.16,5.914308330103709E-4,0.0010188239427763996,1.980725010283354E-5
0.12,0.04,0.2,4.8015782473967596E-4,8.496006137499373E-4,-2.659113841753166E-4
0.12,0.04,0.24,2.840540440869381E-4,5.283329638127266E-4,-3.406595524867007E-4
0.12,0.04,0.28,1.4626477383659472E-4,2.853122907603739E-4,-2.7972941658873073E-4
0.12,0.04,0.32,7.429445014631073E-5,1.496320560633038E-4,-1.9871221935323935E-4
0.12,0.08,0.0,1.202150286506353E-4,1.542467258758843E-4,3.134346685927262E-4
0.12,0.08,0.04,2.876895345262718E-4,3.4482698970065727E-4,5.334238602338187E-4
0.12,0.08,0.08,7.462564024751983E-4,8.193301683885604E-4,8.519386888054213E-4
0.12,0.08,0.12,0.0018308011490535414,0.001764867329519382,9.336384882583723E-4
0.12,0.08,0.16,0.0030707174214573553,0.0024422944706306445,6.022479614864085E-5
0.12,0.08,0.2,0.0018248210089580976,0.001800034687005459,-8.488984668195259E-4
0.12,0.08,0.24,7.396891159687981E-4,8.455629074802596E-4,-8.131049323840337E-4
0.12,0.08,0.28,2.8313760211131413E-4,3.552100879373834E-4,-5.167905585665893E-4
0.12,0.08,0.32,1.1741828545708643E-4,1.5532728635123068E-4,-3.058442698587388E-4
0.12,0.12,0.0,1.6780662515341856E-4,1.0318186700248023E-4,4.277476116696937E-4
0.12,0.12,0.04,4.853001078846572E-4,2.7008259208256927E-4,8.56171341069356E-4
0.12,0.12,0.08,0.0018351078726423743,8.551299562192366E-4,0.001808525356131724
0.12,0.12,0.12,0.0052698603679105,0.001102435996485664,0.0011634743892957678
0.12,0.12,0.16,0.005864241262789374,0.0010674836322028616,3.351834948690877E-5
0.12,0.12,0.2,0.005284450844664147,0.0011548284887963475,-0.0010938227630695521
0.12,0.12,0.24,0.0018205641133592697,9.271244393328286E-4,-0.001756330800951984
0.12,0.12,0.28,4.771261645926426E-4,2.937854980581573E-4,-8.358276406125454E-4
0.12,0.12,0.32,1.6355980579858635E-4,1.0815420858668119E-4,-4.179075228000103E-4
0.12,0.16,0.0,1.902252423242939E-4,-3.7406930395126725E-6,4.793216883233948E-4
0.12,0.16,0.04,5.973787819617363E-4,-1.6314023609119576E-5,0.0010261756203605872
0.12,0.16,0.08,0.003068173116980105,-5.611804689587919E-5,0.002471606993935971
0.12,0.16,0.12,0.005854526847973827,-2.6121862300618956E-5,0.0010777182809523932
0.12,0.16,0.16,0.006314102971476428,7.54259570858438E-8,1.0000696654125447E-5
0.12,0.16,0.2,0.005874202061652884,2.6201787930363684E-5,-0.0010571529844721431
0.12,0.16,0.24,0.0030721904102486647,5.5131845645837085E-5,-0.0024548761210184612
0.12,0.16,0.28,5.855752312635559E-4,1.6176458933176928E-5,-0.0010114257378058627
0.12,0.16,0.32,1.8473416801988968E-4,3.661456610571799E-6,-4.6953239059037953E-4
0.12,0.2,0.0,1.6857742037824225E-4,-1.0890845100563766E-4,4.270960097947996E-4
0.12,0.2,0.04,4.875477995154303E-4,-2.954054649801504E-4,8.49363082944429E-4
0.12,0.2,0.08,0.0018421658680883924,-9.297745319184797E-4,0.0017740579200431488
0.12,0.2,0.12,0.005260569186625932,-0.0011570536320810345,0.0011131140899351924
0.12,0.2,0.16,0.0058652369179719305,-0.0010671610050411767,-1.4404405243017321E-5
0.12,0.2,0.2,0.0052946036361817906,-0.0010997113036142212,-0.001143904636959592
0.12,0.2,0.24,0.001813742114231802,-8.524653245326446E-4,-0.0017901460230076384
0.12,0.2,0.28,4.749561837840625E-4,-2.686638945443291E-4,-8.425027370918761E-4
0.12,0.2,0.32,1.6281795335867417E-4,-1.0255826449101775E-4,-4.1850973849416E-4
0.12,0.24,0.0,1.2128128354919647E-4,-1.5633288836401193E-4,3.136294253448609E-4
0.12,0.24,0.04,2.903785244520993E-4,-3.571803863114653E-4,5.276443742963668E-4
0.12,0.24,0.08,7.53236307254199E-4,-8.487152567543916E-4,8.27138052844612E-4
0.12,0.24,0.12,0.0018474134944138263,-0.0018024242997245494,8.644136728174351E-4
0.12,0.24,0.16,NaN,NaN,NaN
0.12,0.24,0.2,0.0018088391341434232,-0.0017610786442241852,-9.173174133971968E-4
0.12,0.24,0.24,7.329275714315389E-4,-8.160704632248166E-4,-8.3757344746784E-4
0.12,0.24,0.28,2.8053708646202816E-4,-3.429272037383026E-4,-5.224190371233517E-4
0.12,0.24,0.32,1.1639029871485347E-4,-1.5331318975024037E-4,-3.055824482118638E-4
0.12,0.28,0.0,7.690290999834381E-5,-1.5050682669639584E-4,2.049170834863812E-4
0.12,0.28,0.04,1.5046085121855077E-4,-2.8679084496273377E-4,2.8782025214250435E-4
0.12,0.28,0.08,2.903860192568355E-4,-5.303905684383765E-4,3.506608417341195E-4
0.12,0.28,0.12,4.8708738598914243E-4,-8.512656562182397E-4,2.771886026766311E-4
0.12,0.28,0.16,5.909903052260554E-4,-0.0010184931705809735,-8.080137839588207E-6
0.12,0.28,0.2,4.7509635873157206E-4,-8.402549054264205E-4,-2.8666753445668317E-4
0.12,0.28,0.24,2.8047175415087485E-4,-5.19597698599746E-4,-3.493292322501847E-4
0.12,0.28,0.28,1.444206478225179E-4,-2.818095807015825E-4,-2.8076208540758123E-4
0.12,0.28,0.32,7.340164996737282E-5,-1.506481985161441E-4,-1.9660229950692936E-4
0.12,0.32,0.0,4.636231325495046E-5,-1.2265317610649613E-4,1.2804337409756358E-4
0.12,0.32,0.04,7.677340054992689E-5,-2.0088670306516785E-4,1.5491341313260236E-4
0.12,0.32,0.08,1.2088994806608662E-4,-3.107718888310202E-4,1.5844947240669957E-4
0.12,0.32,0.12,1.673979104131482E-4,-4.2398783814528394E-4,1.0814071574351207E-4
0.12,0.32,0.16,1.8735407638208076E-4,-4.742831200376646E-4,1.7945097897766216E-6
0.12,0.32,0.2,1.6382774407471977E-4,-4.2141392161259417E-4,-1.0322401227294557E-4
0.12,0.32,0.24,1.167171934800892E-4,-3.083492261456597E-4,-1.5112399649147015E-4
0.12,0.32,0.28,7.35135701086771E-5,-2.0060788656611504E-4,-1.4621303418133484E-4
0.12,0.32,0.32,4.4114900029120756E-5,-1.247241567512867E-4,-1.193343849894012E-4
0.16,0.0,0.0,1.299080401388293E-5,4.951774977720863E-6,-2.545401729230687E-6
0.16,0.0,0.04,2.2636311440244712E-5,4.822891437279053E-6,-3.3584275681606008E-6
0.16,0.0,0.08,3.795760854682316E-5,4.1068105016912925E-6,-4.387764327553717E-6
0.16,0.0,0.12,5.591670302026357E-5,2.4592772419770273E-6,-5.402544212967211E-6
0.16,0.0,0.16,6.478423915339824E-5,-4.097251964833922E-8,-5.861960248600231E-6
0.16,0.0,0.2,5.591680993964058E-5,-2.5397322845221253E-6,-5.4136163429519044E-6
0.16,0.0,0.24,3.795776877785067E-5,-4.179860809936322E-6,-4.39996526915814E-6
0.16,0.0,0.28,2.2636472286338772E-5,-4.88213435483348E-6,-3.3655043427002113E-6
0.16,0.0,0.32,1.299094073375947E-5,-4.995740593731694E-6,-2.5474581328838657E-6
0.16,0.04,0.0,2.2637451417471817E-5,6.3078143408604185E-6,-1.485611669727132E-6
0.16,0.04,0.04,4.8740123748201774E-5,6.73948200943692E-6,-2.176150205122486E-6
0.16,0.04,0.08,1.0860197876389885E-4,6.526187971207957E-6,-3.3978019621269516E-6
0.16,0.04,0.12,2.1513993786345315E-4,4.468262853968939E-6,-5.156109740802617E-6
0.16,0.04,0.16,2.860837376338114E-4,-7.251083370202941E-8,-6.179429161119037E-6
0.16,0.04,0.2,2.1514022366910906E-4,-4.617704858456732E-6,-5.198198535823877E-6
0.16,0.04,0.24,1.0860234527568367E-4,-6.662322111446246E-6,-3.434549235147891E-6
0.16,0.04,0.28,4.8740431789934134E-5,-6.8400812296634914E-6,-2.1919998891119115E-6
0.16,0.04,0.32,2.2637676549008734E-5,-6.374014865138427E-6,-1.4885567553517626E-6
0.16,0.08,0.0,3.796129133873485E-5,7.749055202281983E-6,4.951400162447206E-7
0.16,0.08,0.04,1.0860641516444698E-4,9.22224732298803E-6,8.325595651194468E-7
0.16,0.08,0.08,3.9626057058868226E-4,1.065444083114402E-5,7.788390307620173E-7
0.16,0.08,0.12,0.0015662394127194251,8.102492992614786E-6,-6.869128793091831E-7
0.16,0.08,0.16,0.003525141199389843,-1.2109948452392394E-7,7.481311936545903E-7
0.16,0.08,0.2,0.0015662401855714653,-8.40267994853885E-6,-8.208637889542908E-7
0.16,0.08,0.24,3.962614682306352E-4,-1.0946107928856865E-5,6.82620534995918E-7
0.16,0.08,0.28,1.086070116060853E-4,-9.403282931188868E-6,8.065284994447649E-7
0.16,0.08,0.32,3.796165209993788E-5,-7.847977746332136E-6,4.952800318670742E-7
0.16,0.12,0.0,5.5924741212250406E-5,8.732434473272095E-6,3.4684150211266935E-6
0.16,0.12,0.04,2.1515477890420674E-4,1.1083149877343896E-5,6.6090808001342596E-6
0.16,0.12,0.08,0.0015662443577544147,1.2934154548476285E-5,1.1712135841230207E-5
0.16,0.12,0.12,0.006647108007950461,3.1781086202493233E-6,1.4219173017820112E-5
0.16,0.12,0.16,0.007159341897592573,-1.2352344158285258E-7,1.2005739069378444E-5
0.16,0.12,0.2,0.006647109282032254,-3.5954200098050743E-6,1.412007544367794E-5
0.16,0.12,0.24,0.0015662462010941657,-1.3513589147606691E-5,1.1609201977896266E-5
0.16,0.12,0.28,2.1515582872031307E-4,-1.1389549972179755E-5,6.603101877352723E-6
0.16,0.12,0.32,5.5925268130576435E-5,-8.866853782720478E-6,3.4843745860424456E-6
0.16,0.16,0.0,6.479715749783272E-5,8.622099203836457E-6,6.661895559666686E-6
0.16,0.16,0.04,2.86111867874653E-4,1.0115855142792487E-5,1.327824795850824E-5
0.16,0.16,0.08,0.0035273478497913195,5.333982561153734E-6,2.094633941491957E-5
0.16,0.16,0.12,0.007159285908242412,-1.944351292354022E-6,1.951044947509147E-5
0.16,0.16,0.16,0.007454568654900639,6.60575112224853E-10,1.6000425227934444E-5
0.16,0.16,0.2,0.007159287582734904,1.6314864255451078E-6,1.964666713642261E-5
0.16,0.16,0.24,0.003522274938777021,-5.957354281198362E-6,2.1190913159611266E-5
0.16,0.16,0.28,2.8611331313721354E-4,-1.0497986433113369E-5,1.337070308048297E-5
0.16,0.16,0.32,6.479780511037558E-5,-8.76640414483394E-6,6.710327616451927E-6
0.16,0.2,0.0,5.593227036425256E-5,7.519555846661339E-6,8.754043311490717E-6
0.16,0.2,0.04,2.151762521421045E-4,7.096266841554176E-6,1.6247050512796005E-5
0.16,0.2,0.08,0.0015662597091126505,7.598379852663084E-7,2.9425564617975533E-5
0.16,0.2,0.12,0.0066469970466932,-9.682343884795644E-6,2.469444986668794E-5
0.16,0.2,0.16,0.007159198622749589,5.228080733576938E-7,2.01905632213543E-5
0.16,0.2,0.2,0.006646999610974591,9.840784205995899E-6,2.5256397717284023E-5
0.16,0.2,0.24,0.001566262657767131,-1.2996452488869363E-6,2.993569481409093E-5
0.16,0.2,0.28,2.151776590991513E-4,-7.365451295490756E-6,1.6442447645043723E-5
0.16,0.2,0.32,5.593290454069539E-5,-7.623215068396535E-6,8.831753614513183E-6
0.16,0.24,0.0,3.797221848404957E-5,6.188366126487507E-6,9.283806344133566E-6
0.16,0.24,0.04,1.0863391108215366E-4,5.063788590000728E-6,1.4974262295035495E-5
0.16,0.24,0.08,3.963242456865133E-4,-1.952531960184404E-7,2.440157814460237E-5
0.16,0.24,0.12,0.0015662828241759636,-8.542957151211966E-6,3.102349224404311E-5
0.16,0.24,0.16,0.002920442456192616,-5.822596647544221E-5,2.7606354958427265E-5
0.16,0.24,0.2,0.0015662852751380128,9.541011573570185E-6,3.1759035487270964E-5
0.16,0.24,0.24,3.9632615162815265E-4,2.0947421281317811E-7,2.485851893482596E-5
0.16,0.24,0.28,1.0863488130394304E-4,-5.123653384500623E-6,1.516034391564999E-5
0.16,0.24,0.32,3.7972714987886755E-5,-6.224040389218366E-6,9.36400002360982E-6
0.16,0.28,0.0,2.2647941843114572E-5,5.061574516521077E-6,8.822217022027275E-6
0.16,0.28,0.04,4.876185393682751E-5,4.181476372798937E-6,1.2483169758220394E-5
0.16,0.28,0.08,1.0864731468576032E-4,1.8151060458618937E-6,1.731099834770408E-5
0.16,0.28,0.12,2.1522070659383638E-4,-9.322228843065793E-7,2.166668670007788E-5
0.16,0.28,0.16,2.8618490996194746E-4,7.270437764304865E-7,2.328987350711943E-5
0.16,0.28,0.2,2.1522148974750303E-4,1.7383863187388193E-6,2.1920131049203255E-5
0.16,0.28,0.24,1.0864810131044274E-4,-1.5770682714746742E-6,1.7520507425628877E-5
0.16,0.28,0.28,4.876238308146856E-5,-4.120254994073209E-6,1.2599991932755257E-5
0.16,0.28,0.32,2.2648270240934828E-5,-5.045965925991372E-6,8.883983285168616E-6
0.16,0.32,0.0,1.2999333089286585E-5,4.146364783555823E-6,8.001496409622513E-6
0.16,0.32,0.04,2.2651035625575126E-5,3.521653964543678E-6,1.0309762783381523E-5
0.16,0.32,0.08,3.7982354889138404E-5,2.3542929576009697E-6,1.2878553211808546E-5
0.16,0.32,0.12,5.5953557589185345E-5,1.0474159718255047E-6,1.501423540562611E-5
0.16,0.32,0.16,6.482729925060885E-5,2.4663684297846125E-7,1.5872721233035307E-5
0.16,0.32,0.2,5.595378326179525E-5,-6.74238734095367E-7,1.5085548329089457E-5
0.16,0.32,0.24,3.798265680936119E-5,-2.163994494194445E-6,1.2961080486864627E-5
0.16,0.32,0.28,2.2651299337396833E-5,-3.4379269842633885E-6,1.0371699898574848E-5
0.16,0.32,0.32,1.299953082462029E-5,-4.109816094276457E-6,8.041956079783299E-6
0.2,0.0,0.0,4.4746047335673814E-5,-1.1585226932153697E-4,-1.2942566078947022E-4
0.2,0.0,0.04,7.457056094598524E-5,-1.9247267798610734E-4,-1.5905972807801451E-4
0.2,0.0,0.08,1.182581301798948E-4,-3.020022819950243E-4,-1.6700243491932465E-4
0.2,0.0,0.12,1.6532253329284448E-4,-4.180040255395424E-4,-1.2163044311097235E-4
0.2,0.0,0.16,1.875023859282575E-4,-4.7448821807352675E-4,-1.7597876483587414E-5
0.2,0.0,0.2,1.660978575156347E-4,-4.277425971158945E-4,8.978609735822251E-5
0.2,0.0,0.24,1.1942296829697611E-4,-3.1734249415070963E-4,1.4263634199657255E-4
0.2,0.0,0.28,7.574000135344652E-5,-2.0915255203801398E-4,1.4212084319434302E-4
0.2,0.0,0.32,4.5738119201464646E-5,-1.3160113335215198E-4,1.1799111842052737E-4
0.2,0.04,0.0,7.431091893363646E-5,-1.3958754553249932E-4,-2.0628353219520048E-4
0.2,0.04,0.04,1.462972939529353E-4,-2.710867849046657E-4,-2.940193854828352E-4
0.2,0.04,0.08,2.8411390378438317E-4,-5.108195761226533E-4,-3.6704752978266117E-4
0.2,0.04,0.12,4.802510493409715E-4,-8.355154928668118E-4,-3.0843385822329044E-4
0.2,0.04,0.16,5.915408961277294E-4,-0.0010189165959591663,-3.1417112101572045E-5
0.2,0.04,0.2,4.823147039693838E-4,-8.566279691439327E-4,2.555711957450726E-4
0.2,0.04,0.24,2.868176673679826E-4,-5.39485595291053E-4,3.330861032229822E-4
0.2,0.04,0.28,1.4860089017702715E-4,-2.976653298720676E-4,2.7465742634191586E-4
0.2,0.04,0.32,7.599737219607662E-5,-1.616454790693405E-4,1.9529366417818245E-4
0.2,0.08,0.0,1.1743830756270758E-4,-1.398273341445264E-4,-3.1363229382557747E-4
0.2,0.08,0.04,2.831853127391805E-4,-3.2891285913761185E-4,-5.343869237439516E-4
0.2,0.08,0.08,7.397984939507953E-4,-8.038401585783237E-4,-8.549435427908482E-4
0.2,0.08,0.12,0.0018250300046693084,-0.001755359063519941,-9.384969623130569E-4
0.2,0.08,0.16,0.0030709976275798082,-0.0024424196858553546,-6.257008425088065E-5
0.2,0.08,0.2,0.0018310106913567244,-0.001809807947442818,8.44002244290623E-4
0.2,0.08,0.24,7.463665900890838E-4,-8.613169902019452E-4,8.100663873509469E-4
0.2,0.08,0.28,2.8773796033401103E-4,-3.713294374273782E-4,5.158197550875487E-4
0.2,0.08,0.32,1.2023557230936734E-4,-1.69881478329902E-4,3.05654998933271E-4
0.2,0.12,0.0,1.6357859767306498E-4,-8.697701827094108E-5,-4.2323780747688237E-4
0.2,0.12,0.04,4.7718067356184406E-4,-2.513863058520991E-4,-8.500193988634522E-4
0.2,0.12,0.08,0.0018207250091686299,-8.376843971238026E-4,-0.0018011422262335173
0.2,0.12,0.12,0.005284524142300024,-0.0010982290370685976,-0.0011505662097787636
0.2,0.12,0.16,0.005864231568195219,-0.0010675970389413742,-2.01518656934134E-5
0.2,0.12,0.2,0.0052699345596209585,-0.0011593239081390194,0.001106727302201395
0.2,0.12,0.24,0.0018352700480961652,-9.449143737848211E-4,0.0017637220809143999
0.2,0.12,0.28,4.8535568364010414E-4,-3.1275004743874243E-4,8.420064946705113E-4
0.2,0.12,0.32,1.6782612615407865E-4,-1.2452116938391848E-4,4.22448312602671E-4
0.2,0.16,0.0,1.847437877694459E-4,2.0113283508800887E-5,-4.6956670290264834E-4
0.2,0.16,0.04,5.856070237709176E-4,3.4911910704367026E-5,-0.0010114789197450287
0.2,0.16,0.08,0.003075766475365322,6.862920552034896E-5,-0.002455319685488977
0.2,0.16,0.12,0.005873929715116625,2.7395844452882967E-5,-0.0010572080395860708
0.2,0.16,0.16,0.00631360053111804,-7.459241140685999E-8,9.999452820050321E-6
0.2,0.16,0.2,0.005854255715748713,-2.7614350610739206E-5,0.0010777703035391953
0.2,0.16,0.24,0.00306666484676452,-6.780792788822003E-5,0.0024713902895168597
0.2,0.16,0.28,5.974119121996483E-4,-3.504190638312504E-5,0.0010262275317491644
0.2,0.16,0.32,1.90235699242392E-4,-2.0190470611293663E-5,4.793554843945197E-4
0.2,0.2,0.0,1.6281583085141885E-4,1.2376485792387122E-4,-4.132456106163583E-4
0.2,0.2,0.04,4.7494574771620075E-4,3.111173096500776E-4,-8.284157258825237E-4
0.2,0.2,0.08,0.0018136723792637006,9.420151549356868E-4,-0.0017454850020397848
0.2,0.2,0.12,0.005293794885529758,0.0011565753427248172,-0.0010872900787508343
0.2,0.2,0.16,0.005863199529278295,0.00106742921599619,3.9261160478134866E-5
0.2,0.2,0.2,0.005259761951803627,0.0011004431347244683,0.0011699741860178303
0.2,0.2,0.24,0.001842097935007961,8.401234635775352E-4,0.0018189948832533366
0.2,0.2,0.28,4.875387065549397E-4,2.5279446279782353E-4,8.636298315209642E-4
0.2,0.2,0.32,1.6857612568093997E-4,8.759912946301011E-5,4.324604091343097E-4
0.2,0.24,0.0,1.1638523218187562E-4,1.6886783152071988E-4,-2.9785204504418456E-4
0.2,0.24,0.04,2.8051878446075823E-4,3.693279102293826E-4,-5.049136026345465E-4
0.2,0.24,0.08,7.328468383066353E-4,8.580111974779654E-4,-7.958670480860207E-4
0.2,0.24,0.12,0.0018084344244489617,0.0018062005608495098,-8.278668530609793E-4
0.2,0.24,0.16,0.0030686599952480255,0.0024768768895428034,7.952303914834919E-5
0.2,0.24,0.2,0.001847009907602468,0.0017579634736579793,9.541379436566629E-4
0.2,0.24,0.24,7.531569604925734E-4,8.069539892821062E-4,8.691333194927704E-4
0.2,0.24,0.28,2.9036127249269946E-4,3.307836554140636E-4,5.453366943319756E-4
0.2,0.24,0.32,1.21276898252111E-4,1.4075358299673577E-4,3.214656923123671E-4
0.2,0.28,0.0,7.340300794846505E-5,1.607607852056828E-4,-1.8907517086968285E-4
0.2,0.28,0.04,1.4442850158884348E-4,2.961584127686958E-4,-2.6653664895146076E-4
0.2,0.28,0.08,2.8052194120482116E-4,5.373454547566506E-4,-3.2302619827592044E-4
0.2,0.28,0.12,4.754320086190911E-4,8.547578134436005E-4,-2.4422187926428457E-4
0.2,0.28,0.16,5.920331621533837E-4,0.001018941160510042,4.313391791660333E-5
0.2,0.28,0.2,4.874235018161984E-4,8.374176975457853E-4,3.197996922087918E-4
0.2,0.28,0.24,2.9043696848099325E-4,5.129414817546895E-4,3.7715339561997577E-4
0.2,0.28,0.28,1.5046936756465E-4,2.72550439736964E-4,3.0218386850861505E-4
0.2,0.28,0.32,7.690474894997296E-5,1.4043061357634003E-4,2.1253138768432343E-4
0.2,0.32,0.0,4.412265969759419E-5,1.3097513089434416E-4,-1.1314583920513769E-4
0.2,0.32,0.04,7.353668730532344E-5,2.0824398065141762E-4,-1.361612047424421E-4
0.2,0.32,0.08,1.167884536437146E-4,3.16260967910782E-4,-1.356071019128885E-4
0.2,0.32,0.12,1.6401729249601458E-4,4.269425105465084E-4,-8.20049427857646E-5
0.2,0.32,0.16,1.8764445896788856E-4,4.7454452745824145E-4,2.5645202074525023E-5
0.2,0.32,0.2,1.675876918375274E-4,4.188884205497352E-4,1.2943446788131181E-4
0.2,0.32,0.24,1.2096158106928352E-4,3.0311738795069776E-4,1.740652094695185E-4
0.2,0.32,0.28,7.679689124874226E-5,1.9338145289133016E-4,1.6504997897651843E-4
0.2,0.32,0.32,4.637038121837323E-5,1.1646558673055976E-4,1.34293305479364E-4
0.24,0.0,0.0,1.1799739058574935E-4,-1.9446579848842377E-4,-2.1167320825965784E-4
0.24,0.0,0.04,1.8489014436611685E-4,-3.037879989376557E-4,-2.465569167042735E-4
0.24,0.0,0.08,2.7377664247865143E-4,-4.467850095175861E-4,-2.4354587096542005E-4
0.24,0.0,0.12,3.609136012256081E-4,-5.856661924658004E-4,-1.6760221785419309E-4
0.24,0.0,0.16,3.994357685884212E-4,-6.495063776095774E-4,-2.1555620633448327E-5
0.24,0.0,0.2,3.618602367698953E-4,-5.964569737579046E-4,1.2792601110881086E-4
0.24,0.0,0.24,2.7532530410545467E-4,-4.643202111983084E-4,2.1199920416503377E-4
0.24,0.0,0.28,1.8659798933786463E-4,-3.2338881023797505E-4,2.238125147106109E-4
0.24,0.0,0.32,1.1956539223824876E-4,-2.1322365661109914E-4,1.959994472220139E-4
0.24,0.04,0.0,1.845117219006808E-4,-2.2214492166140685E-4,-3.2161249575484585E-4
0.24,0.04,0.04,3.2697752869265107E-4,-3.8993532463807554E-4,-4.182328660950724E-4
0.24,0.04,0.08,5.551461806699547E-4,-6.489716193334085E-4,-4.6349235811046573E-4
0.24,0.04,0.12,8.216482306190308E-4,-9.387992895688426E-4,-3.4509751482659275E-4
0.24,0.04,0.16,9.522277195495489E-4,-0.0010812735327072932,-3.23844606240637E-5
0.24,0.04,0.2,8.232923977496646E-4,-9.587326388820148E-4,2.874268395261329E-4
0.24,0.04,0.24,5.579034471797271E-4,-6.788893257673126E-4,4.217557955963334E-4
0.24,0.04,0.28,3.2987834152080423E-4,-4.200526244731763E-4,3.917460548629376E-4
0.24,0.04,0.32,1.8697034466716797E-4,-2.482395568935234E-4,3.055460061130556E-4
0.24,0.08,0.0,2.7268827970047403E-4,-2.102607427610327E-4,-4.624150735801322E-4
0.24,0.08,0.04,5.54192475823516E-4,-4.200856583772726E-4,-6.7735655936076E-4
0.24,0.08,0.08,0.0011108072315607986,-8.012177975130108E-4,-8.508947855695066E-4
0.24,0.08,0.12,0.0018758977863878516,-0.0012480558714226921,-6.68862728396065E-4
0.24,0.08,0.16,0.0022572167050572433,-0.0014454584651185521,-4.001676906903353E-5
0.24,0.08,0.2,0.0018765958214793776,-0.0012828892795454002,5.966918287412478E-4
0.24,0.08,0.24,0.0011146913013493805,-8.511248551236069E-4,8.01540222793595E-4
0.24,0.08,0.28,5.588370233662517E-4,-4.651371832276542E-4,6.505058393056806E-4
0.24,0.08,0.32,2.763949062253504E-4,-2.452906980769047E-4,4.486700122771965E-4
0.24,0.12,0.0,3.587870567480112E-4,-1.2612905887799964E-4,-5.945441836381404E-4
0.24,0.12,0.04,8.191587642075245E-4,-2.8572462357361164E-4,-9.580210162357589E-4
0.24,0.12,0.08,0.0018752411115911312,-5.96583378109629E-4,-0.0012854575805544605
0.24,0.12,0.12,0.003191704750398143,-8.651445718638223E-4,-9.137644210796386E-4
0.24,0.12,0.16,0.0036887658477508054,-9.488966315502856E-4,-2.4623538984149658E-5
0.24,0.12,0.2,0.0031867617093728207,-9.127643147624995E-4,8.642663096020408E-4
0.24,0.12,0.24,0.001877188088409767,-6.687371695170819E-4,0.0012455932255834071
0.24,0.12,0.28,8.257174220863752E-4,-3.4671524352095973E-4,9.395062399997511E-4
0.24,0.12,0.32,3.63947530219742E-4,-1.6939147760301808E-4,5.875525839579464E-4
0.24,0.16,0.0,3.96200071188246E-4,2.3442680092418393E-5,-6.47575600408547E-4
0.24,0.16,0.04,9.479780117733677E-4,3.473179081766199E-5,-0.0010810295670740033
0.24,0.16,0.08,0.002257414151030095,4.276026229791505E-5,-0.0014490707370351575
0.24,0.16,0.12,0.0036932241600194484,2.7073573240838264E-5,-9.495876893794955E-4
0.24,0.16,0.16,0.004173192004572931,-5.4897882526171085E-8,1.230425367248754E-6
0.24,0.16,0.2,0.0036841156382207787,-2.7033982975910186E-5,9.481496543807001E-4
0.24,0.16,0.24,0.002256851241046365,-4.248279195815129E-5,0.0014418342175372386
0.24,0.16,0.28,9.563523786272483E-4,-3.4615710569340224E-5,0.0010814703953735112
0.24,0.16,0.32,4.026101058841706E-4,-2.3426551607381207E-5,6.513992777599078E-4
0.24,0.2,0.0,3.5790030053819337E-4,1.6950831952237895E-4,-5.836022182856716E-4
0.24,0.2,0.04,8.173869094280637E-4,3.4794945909372507E-4,-9.378534705718616E-4
0.24,0.2,0.08,0.0018736322548092155,6.739288499827993E-4,-0.001250341913083211
0.24,0.2,0.12,0.0031930496846191542,9.184536218984831E-4,-8.664294020778448E-4
0.24,0.2,0.16,0.003688310803791788,9.486291114792334E-4,2.6159689048700006E-5
0.24,0.2,0.2,0.0031848927524183147,8.594492946530812E-4,9.113405470262347E-4
0.24,0.2,0.24,0.0018785532408817644,5.918210337030914E-4,0.0012804668997038547
0.24,0.2,0.28,8.273950579268011E-4,2.846498943655727E-4,9.595913154593806E-4
0.24,0.2,0.32,3.648034631832886E-4,1.2603144058750284E-4,5.984759763902494E-4
0.24,0.24,0.0,2.7137333461458625E-4,2.453175899460538E-4,-4.446131799606198E-4
0.24,0.24,0.04,5.516288396187972E-4,4.660515631929368E-4,-6.470467724074155E-4
0.24,0.24,0.08,0.0011068116783481102,8.551246526774658E-4,-8.005226689316617E-4
0.24,0.24,0.12,0.0018730160153746776,0.0012901891223435608,-5.968920002078808E-4
0.24,0.24,0.16,0.0022568565634639663,0.0014448094649383465,4.1165767211101686E-5
0.24,0.24,0.2,0.0018789625642499847,0.0012404592337518791,6.682927923361251E-4
0.24,0.24,0.24,0.0011184284543221859,7.973000365169266E-4,8.516726318535202E-4
0.24,0.24,0.28,5.613012399682169E-4,4.192104231465815E-4,6.807347950452213E-4
0.24,0.24,0.32,2.776732604833835E-4,2.1023095986239258E-4,4.664517603020097E-4
0.24,0.28,0.0,1.832768485125571E-4,2.4812276250409977E-4,-3.016786678712755E-4
0.24,0.28,0.04,3.248230145170879E-4,4.202720938782394E-4,-3.876441555066798E-4
0.24,0.28,0.08,5.519026632638518E-4,6.800223612625768E-4,-4.1786408041897546E-4
0.24,0.28,0.12,8.185024456813666E-4,9.60571414709185E-4,-2.8377656987611506E-4
0.24,0.28,0.16,9.523044956657153E-4,0.0010809748303889815,3.606665516989992E-5
0.24,0.28,0.2,8.264380295296895E-4,9.366632376513921E-4,3.4861415723840136E-4
0.24,0.28,0.24,5.61082571511005E-4,6.477762226653119E-4,4.672848946251552E-4
0.24,0.28,0.28,3.319902626193019E-4,3.897011801995734E-4,4.2229437981559784E-4
0.24,0.28,0.32,1.8818422849238957E-4,2.2224892551341965E-4,3.254687283456294E-4
0.24,0.32,0.0,1.1707804375584687E-4,2.1304395275697417E-4,-1.925614046972634E-4
0.24,0.32,0.04,1.8351053739527664E-4,3.232853662320724E-4,-2.1997442499827695E-4
0.24,0.32,0.08,2.720419336360429E-4,4.6440753815058655E-4,-2.0789173272795904E-4
0.24,0.32,0.12,3.5953565377312734E-4,5.966499028256416E-4,-1.2366660421364814E-4
0.24,0.32,0.16,3.9951649725282224E-4,6.494321230830685E-4,2.5862916583802483E-5
0.24,0.32,0.2,3.633408260935673E-4,5.853712185682296E-4,1.7183232598131347E-4
0.24,0.32,0.24,2.770892737512624E-4,4.4665670054413065E-4,2.4762604385448626E-4
0.24,0.32,0.28,1.879791792026881E-4,3.038751373628137E-4,2.503820502660913E-4
0.24,0.32,0.32,1.2048136771512533E-4,1.9463470102340397E-4,2.1510821494469365E-4
0.28,0.0,0.0,1.900591385983203E-4,-2.209191398161031E-4,-2.3889744814009446E-4
0.28,0.0,0.04,2.7753403876168713E-4,-3.2215310470833493E-4,-2.604631983524872E-4
0.28,0.0,0.08,3.8168461696472906E-4,-4.41422346214225E-4,-2.401108410497035E-4
0.28,0.0,0.12,4.7389832284041916E-4,-5.468040279549852E-4,-1.5629661938172947E-4
0.28,0.0,0.16,5.121046622069925E-4,-5.930073599358106E-4,-1.9613394017695146E-5
0.28,0.0,0.2,4.746905198851348E-4,-5.563029802799794E-4,1.194856929598126E-4
0.28,0.0,0.24,3.830846949094221E-4,-4.5752389449169435E-4,2.0936942462093566E-4
0.28,0.0,0.28,2.792300166535596E-4,-3.4106987663819763E-4,2.3695840994084446E-4
0.28,0.0,0.32,1.9175786239035265E-4,-2.3981572313278672E-4,2.2183722329326749E-4
0.28,0.04,0.0,2.7716205012120294E-4,-2.3606951484057777E-4,-3.4022928110231666E-4
0.28,0.04,0.04,4.391442319907808E-4,-3.7206374090024107E-4,-3.984954483711804E-4
0.28,0.04,0.08,6.544711283363511E-4,-5.48317495881689E-4,-3.9185127405208135E-4
0.28,0.04,0.12,8.625155721769527E-4,-7.149820209872297E-4,-2.6357585375456276E-4
0.28,0.04,0.16,9.524509500111969E-4,-7.902194924166763E-4,-2.457793483476691E-5
0.28,0.04,0.2,8.635580678788862E-4,-7.300385988740537E-4,2.181177775714045E-4
0.28,0.04,0.24,6.564714770510272E-4,-5.727960638856355E-4,3.5558627642811886E-4
0.28,0.04,0.28,4.4163128601241417E-4,-3.9910456962084773E-4,3.7269529533781874E-4
0.28,0.04,0.32,2.795944829072376E-4,-2.61342465932164E-4,3.229969784789368E-4
0.28,0.08,0.0,3.8071335522544446E-4,-2.0850261424510067E-4,-4.568934545935099E-4
0.28,0.08,0.04,6.537851187735435E-4,-3.5516604249038656E-4,-5.727929227816401E-4
0.28,0.08,0.08,0.0010537058702704688,-5.597480880470756E-4,-5.958960644451802E-4
0.28,0.08,0.12,0.0014614855836958128,-7.569905053145225E-4,-4.076873702905838E-4
0.28,0.08,0.16,0.0016385268576833635,-8.456564881236906E-4,-2.5470644554961337E-5
0.28,0.08,0.2,0.0014621921937329051,-7.79420180579681E-4,3.605664264399525E-4
0.28,0.08,0.24,0.0010559742542656416,-5.952006738372702E-4,5.591349415097173E-4
0.28,0.08,0.28,6.571377751941081E-4,-3.922162629669318E-4,5.48352993029563E-4
0.28,0.08,0.32,3.8403428755708085E-4,-2.409527938857835E-4,4.420571363048707E-4
0.28,0.12,0.0,4.721497269474127E-4,-1.1853843108945697E-4,-5.559346137791295E-4
0.28,0.12,0.04,8.609557399601301E-4,-2.175717894024534E-4,-7.307934760566894E-4
0.28,0.12,0.08,0.0014609077232776943,-3.609946694040053E-4,-7.813757547195355E-4
0.28,0.12,0.12,0.0020647116916991844,-4.947888345491044E-4,-5.25848681698564E-4
0.28,0.12,0.16,0.0023142992326788837,-5.559513904822353E-4,-1.7170020474024585E-5
0.28,0.12,0.2,0.002064215436918129,-5.241699921245893E-4,4.931895082871695E-4
0.28,0.12,0.24,0.0014627218610866672,-4.071353613329155E-4,7.551013500689647E-4
0.28,0.12,0.28,8.650628700578429E-4,-2.64033766335492E-4,7.14250932828742E-4
0.28,0.12,0.32,4.763968391538302E-4,-1.572044410780058E-4,5.471706267277236E-4
0.28,0.16,0.0,5.09544877048677E-4,2.075731347893103E-5,-5.927534709398979E-4
0.28,0.16,0.04,9.499377101308638E-4,2.568019175461537E-5,-7.913428383920414E-4
0.28,0.16,0.08,0.0016376032960359614,2.6171935561527545E-5,-8.48241274470771E-4
0.28,0.16,0.12,0.002314878327700034,1.6802074167294694E-5,-5.584271975128252E-4
0.28,0.16,0.16,0.002586416693832869,-2.171893401665342E-8,-1.999869883168678E-6
0.28,0.16,0.2,0.002313607608762849,-1.6776656167799715E-5,5.534812684841457E-4
0.28,0.16,0.24,0.0016393271824531098,-2.6059446623917326E-5,8.430809987634264E-4
0.28,0.16,0.28,9.548661458603161E-4,-2.558799216057132E-5,7.890893562915231E-4
0.28,0.16,0.32,5.146012998579084E-4,-2.0715223836638105E-5,5.932461381160561E-4
0.28,0.2,0.0,4.714967668366495E-4,1.576046890868402E-4,-5.46397744487551E-4
0.28,0.2,0.04,8.599892943138047E-4,2.6517904273730587E-4,-7.157533390055294E-4
0.28,0.2,0.08,0.0014600028814282732,4.0938690644273524E-4,-7.592018000188537E-4
0.28,0.2,0.12,0.002064349999630659,5.26290411941341E-4,-4.975141457508996E-4
0.28,0.2,0.16,0.002314144799205422,5.558541771115516E-4,1.3485645105427861E-5
0.28,0.2,0.2,0.0020643362051813783,4.926385674716708E-4,5.214252650530384E-4
0.28,0.2,0.24,0.001463488018186572,3.5890336429574585E-4,7.771687504628334E-4
0.28,0.2,0.28,8.659608855240367E-4,2.1656895868462446E-4,7.292302395683247E-4
0.28,0.2,0.32,4.7701984073732467E-4,1.182056685034167E-4,5.56682051040435E-4
0.28,0.24,0.0,3.796738614422687E-4,2.4142148521312293E-4,-4.407143475611204E-4
0.28,0.24,0.04,6.522193787956602E-4,3.9348978023323415E-4,-5.48313545245131E-4
0.28,0.24,0.08,0.0010519170885186586,5.976780752143043E-4,-5.607686008156529E-4
0.28,0.24,0.12,0.0014602851532859462,7.819184073092476E-4,-3.6288452427414743E-4
0.28,0.24,0.16,0.0016383761498872601,8.454747416153671E-4,2.3236826747514167E-5
0.28,0.24,0.2,0.0014631410027354894,7.543103383761586E-4,4.052408316234662E-4
0.28,0.24,0.24,0.0010576033324090743,5.572913819057463E-4,5.941302221600194E-4
0.28,0.24,0.28,6.586196221463636E-4,3.539489894263662E-4,5.727555967188965E-4
0.28,0.24,0.32,3.8503431097996403E-4,2.080663481934159E-4,4.582019541234482E-4
0.28,0.28,0.0,2.7608890520087207E-4,2.61657499382043E-4,-3.211944859251289E-4
0.28,0.28,0.04,4.375929900280829E-4,3.9989137599514266E-4,-3.713952294182656E-4
0.28,0.28,0.08,6.526446231574202E-4,5.741825898989976E-4,-3.5498937489546894E-4
0.28,0.28,0.12,8.611472524598611E-4,7.313472069566085E-4,-2.1798261184337344E-4
0.28,0.28,0.16,9.524100291200219E-4,7.900652289529827E-4,2.459444984926743E-5
0.28,0.28,0.2,8.648382956930305E-4,7.13470211632075E-4,2.6363106817737516E-4
0.28,0.28,0.24,6.582198098942868E-4,5.468698553176637E-4,3.923611511037851E-4
0.28,0.28,0.28,4.43130985978551E-4,3.7127290348568115E-4,3.997397493384521E-4
0.28,0.28,0.32,2.8063894792553504E-4,2.3575886509824621E-4,3.4200387554931064E-4
0.28,0.32,0.0,1.8917837919355638E-4,2.399544048971345E-4,-2.1984810428367222E-4
0.28,0.32,0.04,2.763660131475806E-4,3.4140306995580785E-4,-2.3505926664033866E-4
0.28,0.32,0.08,3.8041220579170025E-4,4.580464574148616E-4,-2.076496987131648E-4
0.28,0.32,0.12,4.730049673744551E-4,5.567347062877041E-4,-1.1791774049568868E-4
0.28,0.32,0.16,5.121176831999237E-4,5.92927214779496E-4,2.111975444646991E-5
0.28,0.32,0.2,4.7559499608700446E-4,5.462494470823802E-4,1.578310901498221E-4
0.28,0.32,0.24,3.843478687817919E-4,4.408402162663329E-4,2.4178963494713598E-4
0.28,0.32,0.28,2.803829405200841E-4,3.21798487934466E-4,2.6233220422660253E-4
0.28,0.32,0.32,1.9262641266003507E-4,2.2077293526476474E-4,2.408693540262201E-4
0.32,0.0,0.0,2.363288435156889E-4,-2.1128081242169163E-4,-2.2808960762542806E-4
0.32,0.0,0.04,3.2285341487795215E-4,-2.8899717471226726E-4,-2.3360797517225814E-4
0.32,0.0,0.08,4.161929959546052E-4,-3.725644069617829E-4,-2.0286901728767287E-4
0.32,0.0,0.12,4.921469558528444E-4,-4.4113862989046893E-4,-1.264671640414905E-4
0.32,0.0,0.16,5.221018761254017E-4,-4.704579907552387E-4,-1.598577870343036E-5
0.32,0.0,0.2,4.927730031261385E-4,-4.4877224981209197E-4,9.601733515342911E-5
0.32,0.0,0.24,4.1734367998690574E-4,-3.8596454810289145E-4,1.7640630276791715E-4
0.32,0.0,0.28,3.243326922086168E-4,-3.054872694522554E-4,2.1226638751142596E-4
0.32,0.0,0.32,2.3791244937422415E-4,-2.2853711290468594E-4,2.1173660852926378E-4
0.32,0.04,0.0,3.225349077701845E-4,-2.1189741317532325E-4,-3.0522420629234393E-4
0.32,0.04,0.04,4.6418029601773356E-4,-3.050088707271394E-4,-3.270128319815712E-4
0.32,0.04,0.08,6.271945182226484E-4,-4.110869711045544E-4,-2.944714019638866E-4
0.32,0.04,0.12,7.662778343859733E-4,-5.017289290040242E-4,-1.8583336907014564E-4
0.32,0.04,0.16,8.223231597172968E-4,-5.41424935411075E-4,-1.7758377985776002E-5
0.32,0.04,0.2,7.67049838063019E-4,-5.125887006566648E-4,1.522876722010286E-4
0.32,0.04,0.24,6.286884967445905E-4,-4.296771342887874E-4,2.6606334012670575E-4
0.32,0.04,0.28,4.66156859567671E-4,-3.270335740398613E-4,3.0505640606032745E-4
0.32,0.04,0.32,3.246440595412319E-4,-2.3395914221358152E-4,2.89272240069891E-4
0.32,0.08,0.0,4.154151241494791E-4,-1.760858987362012E-4,-3.859684928241352E-4
0.32,0.08,0.04,6.266974121436522E-4,-2.6617559844380146E-4,-4.301499974760635E-4
0.32,0.08,0.08,8.827665542999303E-4,-3.7357776235828424E-4,-3.989874251259541E-4
0.32,0.08,0.12,0.0011080290916090792,-4.677419635098753E-4,-2.5327015703789223E-4
0.32,0.08,0.16,0.0011995689913420827,-5.102685393436969E-4,-1.6703435078756265E-5
0.32,0.08,0.2,0.0011087891259351779,-4.8238097553726287E-4,2.2181883424620126E-4
0.32,0.08,0.24,8.844817040987214E-4,-3.9813854296966703E-4,3.727810353556292E-4
0.32,0.08,0.28,6.29170104835623E-4,-2.9431440827315996E-4,4.1064480161065854E-4
0.32,0.08,0.32,4.1810233928167817E-4,-2.0316056041531235E-4,3.725731382677207E-4
0.32,0.12,0.0,4.908143497016943E-4,-9.564341471089191E-5,-4.490394195105952E-4
0.32,0.12,0.04,7.65181274825664E-4,-1.5233337214180106E-4,-5.135670156983442E-4
0.32,0.12,0.08,0.0011074938441922655,-2.2257308900109027E-4,-4.839636662540519E-4
0.32,0.12,0.12,0.0014110518670223246,-2.859170040908697E-4,-3.0561641688736695E-4
0.32,0.12,0.16,0.0015336968230960058,-3.172541547138658E-4,-1.1256072226170002E-5
0.32,0.12,0.2,0.0014116501074953433,-3.039621654587838E-4,2.843033617950775E-4
0.32,0.12,0.24,0.0011092929598799154,-2.524541872766414E-4,4.661993382308573E-4
0.32,0.12,0.28,7.681065532546996E-4,-1.8573166665968206E-4,5.007737655287794E-4
0.32,0.12,0.32,4.94070338217423E-4,-1.26804916728598E-4,4.408791039162382E-4
0.32,0.16,0.0,5.201999882676302E-4,1.6509712351809417E-5,-4.708506008177758E-4
0.32,0.16,0.04,8.205823199470124E-4,1.8003257860948655E-5,-5.426672623771361E-4
0.32,0.16,0.08,0.001198503923196394,1.6366312456286175E-5,-5.12294866734302E-4
0.32,0.16,0.12,0.0015333622055140011,9.978289406320125E-6,-3.195840697435335E-4
0.32,0.16,0.16,0.0016679863614245973,-8.295040841501817E-9,-2.3340055168766754E-6
0.32,0.16,0.2,0.001533976146066683,-9.9712551840029E-6,3.1493711271278854E-4
0.32,0.16,0.24,0.0012005607325289041,-1.6323539601100465E-5,5.082570454392247E-4
0.32,0.16,0.28,8.239973116963785E-4,-1.7954595838056657E-5,5.40188463114796E-4
0.32,0.16,0.32,5.239531973763202E-4,-1.647624474095027E-5,4.7006321590003543E-4
0.32,0.2,0.0,4.903944946867559E-4,1.271435612252287E-4,-4.414433411293883E-4
0.32,0.2,0.04,7.646497363569398E-4,1.8638165746945966E-4,-5.028416894743745E-4
0.32,0.2,0.08,0.0011069881133095294,2.533717773177427E-4,-4.6969618747880735E-4
0.32,0.2,0.12,0.0014107413330236962,3.046859837060334E-4,-2.884404722763535E-4
0.32,0.2,0.16,0.0015336370296674905,3.1721924528913063E-4,7.035731770894268E-6
0.32,0.2,0.2,0.0014118570513013287,2.8517339937864284E-4,3.014437817658395E-4
0.32,0.2,0.24,0.0011097276414844088,2.2171237986357811E-4,4.804217599018517E-4
0.32,0.2,0.28,7.685963318351622E-4,1.5176040723944933E-4,5.114653931288534E-4
0.32,0.2,0.32,4.944680373256322E-4,9.536064879998041E-5,4.4845595884291745E-4
0.32,0.24,0.0,4.1471447496949966E-4,2.0361523231740892E-4,-3.726215452522385E-4
0.32,0.24,0.04,6.258046525476645E-4,2.9515787673179534E-4,-4.1176074161753664E-4
0.32,0.24,0.08,8.818711791464118E-4,3.993080785507259E-4,-3.7497282331076673E-4
0.32,0.24,0.12,0.0011074396880931465,4.8330325222577497E-4,-2.2462033671775332E-4
0.32,0.24,0.16,0.0011994986215056087,5.102025374006055E-4,1.3745410237291448E-5
0.32,0.24,0.2,0.0011092533347917377,4.667371370903228E-4,2.504196015140156E-4
0.32,0.24,0.24,8.852863397628679E-4,3.724054988326466E-4,3.967331085742866E-4
0.32,0.24,0.28,6.300064925788032E-4,2.653648675620257E-4,4.289861173410345E-4
0.32,0.24,0.32,4.1877144874505866E-4,1.7566209409935216E-4,3.858915780488219E-4
0.32,0.28,0.0,3.2175605463738124E-4,2.343438161917222E-4,-2.88773536534751E-4
0.32,0.28,0.04,4.632088398973364E-4,3.27699429732311E-4,-3.0516871544180587E-4
0.32,0.28,0.08,6.262125849310736E-4,4.3054495449249187E-4,-2.668204695528629E-4
0.32,0.28,0.12,7.656208367606069E-4,5.132410473812258E-4,-1.5347926580752973E-4
0.32,0.28,0.16,8.222831632687483E-4,5.413534127930106E-4,1.641836206390196E-5
0.32,0.28,0.2,7.676314878344018E-4,5.00969412251863E-4,1.8460272821830558E-4
0.32,0.28,0.24,6.296089575873378E-4,4.1017574285825503E-4,2.9366268700692957E-4
0.32,0.28,0.28,4.670853529213349E-4,3.0433880283267564E-4,3.268585938199954E-4
0.32,0.28,0.32,3.253962752890492E-4,2.1152024578760805E-4,3.056961447633827E-4
0.32,0.32,0.0,2.3563159814276856E-4,2.2878343380259306E-4,-2.1083890060859072E-4
0.32,0.32,0.04,3.220258842411719E-4,3.058797925924886E-4,-2.116529106666814E-4
0.32,0.32,0.08,4.1538830156808256E-4,3.8643420498063664E-4,-1.7610425786867398E-4
0.32,0.32,0.12,4.916264581976359E-4,4.4909813098829984E-4,-9.594683222369041E-5
0.32,0.32,0.16,5.220914543663382E-4,4.704050396403478E-4,1.5966740292569524E-5
0.32,0.32,0.2,4.932708867277826E-4,4.4072594266080217E-4,1.2651488337037152E-4
0.32,0.32,0.24,4.181244866256791E-4,3.720458205852785E-4,2.0313911886627053E-4
0.32,0.32,0.28,3.2513933641196453E-4,2.8858497621471116E-4,2.3419327778756975E-4
0.32,0.32,0.32,2.3859431767007884E-4,2.1102890825750226E-4,2.2896766038492546E-4
